{"cameraMode":{"drawMode":0,"name":"Shaded","section":"Shading Mode"},"sceneLighting":false,"audioPlay":false,"sceneViewState":{"m_AlwaysRefresh":false,"showFog":true,"showSkybox":false,"showFlares":true,"showImageEffects":true,"showParticleSystems":true,"showVisualEffectGraphs":true,"m_FxEnabled":true},"in2DMode":false,"pivot":{"x":-0.9833338260650635,"y":0.22175776958465577,"z":2.8232274055480959},"rotation":{"x":0.08155924826860428,"y":0.7122960090637207,"z":-0.0839458703994751,"w":0.6920545101165772},"size":1.1169979572296143,"orthographic":false}