{"cameraMode":{"drawMode":0,"name":"Shaded","section":"Shading Mode"},"sceneLighting":true,"audioPlay":false,"sceneViewState":{"m_AlwaysRefresh":false,"showFog":true,"showSkybox":true,"showFlares":true,"showImageEffects":true,"showParticleSystems":true,"showVisualEffectGraphs":true,"m_FxEnabled":true},"in2DMode":false,"pivot":{"x":-0.04949760437011719,"y":-0.24454998970031739,"z":-13.70311450958252},"rotation":{"x":0.7077288031578064,"y":-0.07279565185308457,"z":0.07371887564659119,"w":0.6988496780395508},"size":13.037949562072754,"orthographic":false}